<?xml version="1.0" encoding="UTF-8"?>
<project-private xmlns="http://www.netbeans.org/ns/project-private/1">
    <editor-bookmarks xmlns="http://www.netbeans.org/ns/editor-bookmarks/2" lastBookmarkId="0"/>
    <open-files xmlns="http://www.netbeans.org/ns/projectui-open-files/2">
        <group>
            <file>file:/C:/Users/EHef_/OneDrive/Datos%20adjuntos%20de%20correo%20electrónico/Documentos/NetBeansProjects/DentalToolkit/src/dentaltoolkit/Frame/MATERIALES.java</file>
            <file>file:/C:/Users/EHef_/OneDrive/Datos%20adjuntos%20de%20correo%20electrónico/Documentos/NetBeansProjects/DentalToolkit/src/dentaltoolkit/Frame/Agenda.java</file>
            <file>file:/C:/Users/EHef_/OneDrive/Datos%20adjuntos%20de%20correo%20electrónico/Documentos/NetBeansProjects/DentalToolkit/src/dentaltoolkit/Frame/Consultorio.java</file>
            <file>file:/C:/Users/EHef_/OneDrive/Datos%20adjuntos%20de%20correo%20electrónico/Documentos/NetBeansProjects/DentalToolkit/src/dentaltoolkit/Frame/Agregar_cita.java</file>
            <file>file:/C:/Users/EHef_/OneDrive/Datos%20adjuntos%20de%20correo%20electrónico/Documentos/NetBeansProjects/DentalToolkit/src/dentaltoolkit/Frame/Admin.java</file>
            <file>file:/C:/Users/EHef_/OneDrive/Datos%20adjuntos%20de%20correo%20electrónico/Documentos/NetBeansProjects/DentalToolkit/src/dentaltoolkit/Frame/AgregarPaciente.java</file>
            <file>file:/C:/Users/EHef_/OneDrive/Datos%20adjuntos%20de%20correo%20electrónico/Documentos/NetBeansProjects/DentalToolkit/src/dentaltoolkit/Frame/Consultorios.java</file>
            <file>file:/C:/Users/EHef_/OneDrive/Datos%20adjuntos%20de%20correo%20electrónico/Documentos/NetBeansProjects/DentalToolkit/src/dentaltoolkit/Frame/AgregarConsultorio.java</file>
            <file>file:/C:/Users/EHef_/OneDrive/Datos%20adjuntos%20de%20correo%20electrónico/Documentos/NetBeansProjects/DentalToolkit/src/dentaltoolkit/Frame/InfoPaciente.java</file>
        </group>
    </open-files>
</project-private>
